Date,Title,Content,Subreddit,Score,Comments,Upvote_Ratio,Author,URL,Permalink,Full_Text,Clean_Text,Word_Count,Char_Count,Sentence_Count
2026-06-15 13:20:37.112464,Is this the end of traditional smartphones? (Discussing in technology),"With VR, AR, and neural interfaces advancing so quickly, do you think traditional smartphones will be obsolete in the next 10 years? Let's discuss.",technology,36,7,0.91,coding_geek,https://www.reddit.com/r/technology/comments/mock_post_id,/r/technology/comments/mock_post_id,"Is this the end of traditional smartphones? (Discussing in technology) With VR, AR, and neural interfaces advancing so quickly, do you think traditional smartphones will be obsolete in the next 10 years? Let's discuss.",end traditional smartphones discussing technology neural interface advancing quickly think traditional smartphones obsolete next year let discus,34,218,2
2026-06-15 14:54:24.450483,Is this the end of traditional smartphones?,"With VR, AR, and neural interfaces advancing so quickly, do you think traditional smartphones will be obsolete in the next 10 years? Let's discuss.",technology,36,11,0.77,ai_researcher,https://www.reddit.com/r/technology/comments/mock_post_id,/r/technology/comments/mock_post_id,"Is this the end of traditional smartphones? With VR, AR, and neural interfaces advancing so quickly, do you think traditional smartphones will be obsolete in the next 10 years? Let's discuss.",end traditional smartphones neural interface advancing quickly think traditional smartphones obsolete next year let discus,31,191,2
2026-06-15 17:25:23.668168,PyTorch 2.0 compile feature - hands on experiences?,Has anyone successfully deployed models compiled with PyTorch 2.0 in production? Did you see the promised 1.5x-2x speedups?,MachineLearning,51,12,0.8,reddit_user_1,https://www.reddit.com/r/MachineLearning/comments/mock_post_id,/r/MachineLearning/comments/mock_post_id,PyTorch 2.0 compile feature - hands on experiences? Has anyone successfully deployed models compiled with PyTorch 2.0 in production? Did you see the promised 1.5x-2x speedups?,pytorch compile feature hand experience anyone successfully deployed model compiled pytorch production see promised speedup,26,175,4
2026-06-15 17:30:34.813649,Quantum computing startup claims major breakthrough in error correction (Discussing in technology),"They announced they reached a stable logical qubit. If true, this could accelerate commercial quantum systems by five years. What do you think?",technology,1186,341,0.87,science_guy,https://www.reddit.com/r/technology/comments/mock_post_id,/r/technology/comments/mock_post_id,"Quantum computing startup claims major breakthrough in error correction (Discussing in technology) They announced they reached a stable logical qubit. If true, this could accelerate commercial quantum systems by five years. What do you think?",quantum computing startup claim major breakthrough error correction discussing technology announced reached stable logical qubit true accelerate commercial quantum system five year think,35,242,3
2026-06-15 19:29:35.354917,Tips for training models with limited data? (Discussing in MachineLearning),I only have about 500 labeled images for a specific classification task. What augmentation techniques and pre-trained models work best?,MachineLearning,44,13,0.96,stat_pro,https://www.reddit.com/r/MachineLearning/comments/mock_post_id,/r/MachineLearning/comments/mock_post_id,Tips for training models with limited data? (Discussing in MachineLearning) I only have about 500 labeled images for a specific classification task. What augmentation techniques and pre-trained models work best?,tip training model limited data discussing machinelearning labeled image specific classification task augmentation technique pretrained model work best,30,211,2
2026-06-15 19:40:02.282270,Quantum computing startup claims major breakthrough in error correction,"They announced they reached a stable logical qubit. If true, this could accelerate commercial quantum systems by five years. What do you think?",technology,38,13,0.89,byte_me,https://www.reddit.com/r/technology/comments/mock_post_id,/r/technology/comments/mock_post_id,"Quantum computing startup claims major breakthrough in error correction They announced they reached a stable logical qubit. If true, this could accelerate commercial quantum systems by five years. What do you think?",quantum computing startup claim major breakthrough error correction announced reached stable logical qubit true accelerate commercial quantum system five year think,32,215,3
2026-06-15 20:41:27.420753,PyTorch 2.0 compile feature - hands on experiences? (Discussing in MachineLearning),Has anyone successfully deployed models compiled with PyTorch 2.0 in production? Did you see the promised 1.5x-2x speedups?,MachineLearning,839,302,0.91,py_dev,https://www.reddit.com/r/MachineLearning/comments/mock_post_id,/r/MachineLearning/comments/mock_post_id,PyTorch 2.0 compile feature - hands on experiences? (Discussing in MachineLearning) Has anyone successfully deployed models compiled with PyTorch 2.0 in production? Did you see the promised 1.5x-2x speedups?,pytorch compile feature hand experience discussing machinelearning anyone successfully deployed model compiled pytorch production see promised speedup,29,207,4
2026-06-15 23:37:58.097494,The rise of decentralized social media platforms,"I've been playing around with Mastodon, Bluesky, and Farcaster. They feel very different from Twitter. Will decentralization become mainstream?",technology,667,200,0.76,coding_geek,https://www.reddit.com/r/technology/comments/mock_post_id,/r/technology/comments/mock_post_id,"The rise of decentralized social media platforms I've been playing around with Mastodon, Bluesky, and Farcaster. They feel very different from Twitter. Will decentralization become mainstream?",rise decentralized social medium platform ive playing around mastodon bluesky farcaster feel different twitter decentralization become mainstream,26,192,3
2026-06-15 23:40:06.502262,Tips for training models with limited data?,I only have about 500 labeled images for a specific classification task. What augmentation techniques and pre-trained models work best?,MachineLearning,65,13,0.88,py_dev,https://www.reddit.com/r/MachineLearning/comments/mock_post_id,/r/MachineLearning/comments/mock_post_id,Tips for training models with limited data? I only have about 500 labeled images for a specific classification task. What augmentation techniques and pre-trained models work best?,tip training model limited data labeled image specific classification task augmentation technique pretrained model work best,27,179,2
2026-06-16 02:32:29.711741,EU passes comprehensive regulations on smart devices privacy (Discussing in technology),New laws require all smart home devices to keep user data locally by default unless explicit permission is given. Huge win for consumers.,technology,4,1,0.78,byte_me,https://www.reddit.com/r/technology/comments/mock_post_id,/r/technology/comments/mock_post_id,EU passes comprehensive regulations on smart devices privacy (Discussing in technology) New laws require all smart home devices to keep user data locally by default unless explicit permission is given. Huge win for consumers.,pass comprehensive regulation smart device privacy discussing technology new law require smart home device keep user data locally default unless explicit permission given huge win consumer,34,225,3
2026-06-16 03:22:11.048123,Why deep learning models generalize so well despite overparameterization,A discussion on the double descent phenomenon and the implicit regularization of SGD in high dimensions.,MachineLearning,137,50,0.92,py_dev,https://www.reddit.com/r/MachineLearning/comments/mock_post_id,/r/MachineLearning/comments/mock_post_id,Why deep learning models generalize so well despite overparameterization A discussion on the double descent phenomenon and the implicit regularization of SGD in high dimensions.,deep learning model generalize well despite overparameterization discussion double descent phenomenon implicit regularization sgd high dimension,25,177,2
2026-06-16 11:59:45.315316,The rise of decentralized social media platforms (Discussing in technology),"I've been playing around with Mastodon, Bluesky, and Farcaster. They feel very different from Twitter. Will decentralization become mainstream?",technology,84,16,0.98,stat_pro,https://www.reddit.com/r/technology/comments/mock_post_id,/r/technology/comments/mock_post_id,"The rise of decentralized social media platforms (Discussing in technology) I've been playing around with Mastodon, Bluesky, and Farcaster. They feel very different from Twitter. Will decentralization become mainstream?",rise decentralized social medium platform discussing technology ive playing around mastodon bluesky farcaster feel different twitter decentralization become mainstream,29,219,3
2026-06-16 13:16:17.058389,Why deep learning models generalize so well despite overparameterization (Discussing in MachineLearning),A discussion on the double descent phenomenon and the implicit regularization of SGD in high dimensions.,MachineLearning,126,58,0.88,tech_enthusiast,https://www.reddit.com/r/MachineLearning/comments/mock_post_id,/r/MachineLearning/comments/mock_post_id,Why deep learning models generalize so well despite overparameterization (Discussing in MachineLearning) A discussion on the double descent phenomenon and the implicit regularization of SGD in high dimensions.,deep learning model generalize well despite overparameterization discussing machinelearning discussion double descent phenomenon implicit regularization sgd high dimension,28,209,2
2026-06-16 18:37:52.161819,Reinforcement Learning from Human Feedback (RLHF) vs DPO,Direct Preference Optimization seems much simpler to train than RLHF. Is there any reason to still use PPO for LLM alignment?,MachineLearning,86,22,0.9,ai_researcher,https://www.reddit.com/r/MachineLearning/comments/mock_post_id,/r/MachineLearning/comments/mock_post_id,Reinforcement Learning from Human Feedback (RLHF) vs DPO Direct Preference Optimization seems much simpler to train than RLHF. Is there any reason to still use PPO for LLM alignment?,reinforcement learning human feedback rlhf dpo direct preference optimization seems much simpler train rlhf reason still use ppo llm alignment,29,182,2
2026-06-17 00:11:46.620745,EU passes comprehensive regulations on smart devices privacy,New laws require all smart home devices to keep user data locally by default unless explicit permission is given. Huge win for consumers.,technology,93,37,0.85,ai_researcher,https://www.reddit.com/r/technology/comments/mock_post_id,/r/technology/comments/mock_post_id,EU passes comprehensive regulations on smart devices privacy New laws require all smart home devices to keep user data locally by default unless explicit permission is given. Huge win for consumers.,pass comprehensive regulation smart device privacy new law require smart home device keep user data locally default unless explicit permission given huge win consumer,31,198,3
2026-06-17 07:25:27.943328,Reinforcement Learning from Human Feedback (RLHF) vs DPO (Discussing in MachineLearning),Direct Preference Optimization seems much simpler to train than RLHF. Is there any reason to still use PPO for LLM alignment?,MachineLearning,5,0,0.81,science_guy,https://www.reddit.com/r/MachineLearning/comments/mock_post_id,/r/MachineLearning/comments/mock_post_id,Reinforcement Learning from Human Feedback (RLHF) vs DPO (Discussing in MachineLearning) Direct Preference Optimization seems much simpler to train than RLHF. Is there any reason to still use PPO for LLM alignment?,reinforcement learning human feedback rlhf dpo discussing machinelearning direct preference optimization seems much simpler train rlhf reason still use ppo llm alignment,32,214,2
