Date,Title,Content,Subreddit,Score,Comments,Upvote_Ratio,Author,URL,Permalink
2026-06-14 12:15:24.885560,Is this the end of traditional smartphones? (Discussing in technology),"With VR, AR, and neural interfaces advancing so quickly, do you think traditional smartphones will be obsolete in the next 10 years? Let's discuss.",technology,11,1,0.82,data_junkie,https://www.reddit.com/r/technology/comments/mock_post_id,/r/technology/comments/mock_post_id
2026-06-14 12:51:22.723591,The rise of decentralized social media platforms,"I've been playing around with Mastodon, Bluesky, and Farcaster. They feel very different from Twitter. Will decentralization become mainstream?",technology,120,46,0.92,stat_pro,https://www.reddit.com/r/technology/comments/mock_post_id,/r/technology/comments/mock_post_id
2026-06-14 14:07:49.717108,Reinforcement Learning from Human Feedback (RLHF) vs DPO (Discussing in MachineLearning),Direct Preference Optimization seems much simpler to train than RLHF. Is there any reason to still use PPO for LLM alignment?,MachineLearning,53,7,0.96,matrix_neo,https://www.reddit.com/r/MachineLearning/comments/mock_post_id,/r/MachineLearning/comments/mock_post_id
2026-06-14 15:03:29.370053,PyTorch 2.0 compile feature - hands on experiences? (Discussing in MachineLearning),Has anyone successfully deployed models compiled with PyTorch 2.0 in production? Did you see the promised 1.5x-2x speedups?,MachineLearning,43,6,0.8,coding_geek,https://www.reddit.com/r/MachineLearning/comments/mock_post_id,/r/MachineLearning/comments/mock_post_id
2026-06-14 15:04:41.715875,Tips for training models with limited data? (Discussing in MachineLearning),I only have about 500 labeled images for a specific classification task. What augmentation techniques and pre-trained models work best?,MachineLearning,194,67,0.84,py_dev,https://www.reddit.com/r/MachineLearning/comments/mock_post_id,/r/MachineLearning/comments/mock_post_id
2026-06-14 15:32:37.620227,Quantum computing startup claims major breakthrough in error correction (Discussing in technology),"They announced they reached a stable logical qubit. If true, this could accelerate commercial quantum systems by five years. What do you think?",technology,6,1,0.95,reddit_user_1,https://www.reddit.com/r/technology/comments/mock_post_id,/r/technology/comments/mock_post_id
2026-06-14 15:56:14.458145,Is this the end of traditional smartphones?,"With VR, AR, and neural interfaces advancing so quickly, do you think traditional smartphones will be obsolete in the next 10 years? Let's discuss.",technology,155,38,0.83,data_junkie,https://www.reddit.com/r/technology/comments/mock_post_id,/r/technology/comments/mock_post_id
2026-06-14 17:45:23.623108,Why deep learning models generalize so well despite overparameterization,A discussion on the double descent phenomenon and the implicit regularization of SGD in high dimensions.,MachineLearning,114,13,0.93,reddit_user_1,https://www.reddit.com/r/MachineLearning/comments/mock_post_id,/r/MachineLearning/comments/mock_post_id
2026-06-14 18:50:44.324479,Quantum computing startup claims major breakthrough in error correction (Discussing in technology),"They announced they reached a stable logical qubit. If true, this could accelerate commercial quantum systems by five years. What do you think?",technology,122,38,0.94,coding_geek,https://www.reddit.com/r/technology/comments/mock_post_id,/r/technology/comments/mock_post_id
2026-06-14 19:16:21.080984,Tips for training models with limited data?,I only have about 500 labeled images for a specific classification task. What augmentation techniques and pre-trained models work best?,MachineLearning,129,38,0.86,science_guy,https://www.reddit.com/r/MachineLearning/comments/mock_post_id,/r/MachineLearning/comments/mock_post_id
2026-06-14 20:43:05.735701,Reinforcement Learning from Human Feedback (RLHF) vs DPO,Direct Preference Optimization seems much simpler to train than RLHF. Is there any reason to still use PPO for LLM alignment?,MachineLearning,36,11,0.96,ai_researcher,https://www.reddit.com/r/MachineLearning/comments/mock_post_id,/r/MachineLearning/comments/mock_post_id
2026-06-14 21:11:04.121240,Why deep learning models generalize so well despite overparameterization (Discussing in MachineLearning),A discussion on the double descent phenomenon and the implicit regularization of SGD in high dimensions.,MachineLearning,147,43,0.92,reddit_user_1,https://www.reddit.com/r/MachineLearning/comments/mock_post_id,/r/MachineLearning/comments/mock_post_id
2026-06-14 21:24:22.899041,EU passes comprehensive regulations on smart devices privacy (Discussing in technology),New laws require all smart home devices to keep user data locally by default unless explicit permission is given. Huge win for consumers.,technology,8,1,0.85,reddit_user_1,https://www.reddit.com/r/technology/comments/mock_post_id,/r/technology/comments/mock_post_id
2026-06-14 21:46:47.966350,Reinforcement Learning from Human Feedback (RLHF) vs DPO (Discussing in MachineLearning),Direct Preference Optimization seems much simpler to train than RLHF. Is there any reason to still use PPO for LLM alignment?,MachineLearning,51,22,0.83,tech_enthusiast,https://www.reddit.com/r/MachineLearning/comments/mock_post_id,/r/MachineLearning/comments/mock_post_id
2026-06-14 22:33:48.124364,Reinforcement Learning from Human Feedback (RLHF) vs DPO,Direct Preference Optimization seems much simpler to train than RLHF. Is there any reason to still use PPO for LLM alignment?,MachineLearning,13,4,0.8,py_dev,https://www.reddit.com/r/MachineLearning/comments/mock_post_id,/r/MachineLearning/comments/mock_post_id
2026-06-15 01:56:50.084561,Why deep learning models generalize so well despite overparameterization (Discussing in MachineLearning),A discussion on the double descent phenomenon and the implicit regularization of SGD in high dimensions.,MachineLearning,16,2,0.83,coding_geek,https://www.reddit.com/r/MachineLearning/comments/mock_post_id,/r/MachineLearning/comments/mock_post_id
2026-06-15 02:42:21.412560,EU passes comprehensive regulations on smart devices privacy (Discussing in technology),New laws require all smart home devices to keep user data locally by default unless explicit permission is given. Huge win for consumers.,technology,7,2,0.88,ai_researcher,https://www.reddit.com/r/technology/comments/mock_post_id,/r/technology/comments/mock_post_id
2026-06-15 03:03:06.152070,Tips for training models with limited data?,I only have about 500 labeled images for a specific classification task. What augmentation techniques and pre-trained models work best?,MachineLearning,159,48,0.89,reddit_user_1,https://www.reddit.com/r/MachineLearning/comments/mock_post_id,/r/MachineLearning/comments/mock_post_id
2026-06-15 03:26:00.335654,Is this the end of traditional smartphones? (Discussing in technology),"With VR, AR, and neural interfaces advancing so quickly, do you think traditional smartphones will be obsolete in the next 10 years? Let's discuss.",technology,103,23,0.78,py_dev,https://www.reddit.com/r/technology/comments/mock_post_id,/r/technology/comments/mock_post_id
2026-06-15 05:44:26.090921,Tips for training models with limited data?,I only have about 500 labeled images for a specific classification task. What augmentation techniques and pre-trained models work best?,MachineLearning,441,135,0.87,reddit_user_1,https://www.reddit.com/r/MachineLearning/comments/mock_post_id,/r/MachineLearning/comments/mock_post_id
2026-06-15 06:20:29.664481,EU passes comprehensive regulations on smart devices privacy,New laws require all smart home devices to keep user data locally by default unless explicit permission is given. Huge win for consumers.,technology,42,4,0.81,data_junkie,https://www.reddit.com/r/technology/comments/mock_post_id,/r/technology/comments/mock_post_id
2026-06-15 06:30:55.676911,PyTorch 2.0 compile feature - hands on experiences?,Has anyone successfully deployed models compiled with PyTorch 2.0 in production? Did you see the promised 1.5x-2x speedups?,MachineLearning,28,7,0.89,reddit_user_1,https://www.reddit.com/r/MachineLearning/comments/mock_post_id,/r/MachineLearning/comments/mock_post_id
2026-06-15 07:26:49.544466,Quantum computing startup claims major breakthrough in error correction (Discussing in technology),"They announced they reached a stable logical qubit. If true, this could accelerate commercial quantum systems by five years. What do you think?",technology,151,57,0.85,ai_researcher,https://www.reddit.com/r/technology/comments/mock_post_id,/r/technology/comments/mock_post_id
2026-06-15 08:33:24.713597,The rise of decentralized social media platforms (Discussing in technology),"I've been playing around with Mastodon, Bluesky, and Farcaster. They feel very different from Twitter. Will decentralization become mainstream?",technology,78,24,0.87,stat_pro,https://www.reddit.com/r/technology/comments/mock_post_id,/r/technology/comments/mock_post_id
2026-06-15 08:42:50.198868,EU passes comprehensive regulations on smart devices privacy (Discussing in technology),New laws require all smart home devices to keep user data locally by default unless explicit permission is given. Huge win for consumers.,technology,19,9,0.92,coding_geek,https://www.reddit.com/r/technology/comments/mock_post_id,/r/technology/comments/mock_post_id
2026-06-15 08:56:28.341432,Is this the end of traditional smartphones? (Discussing in technology),"With VR, AR, and neural interfaces advancing so quickly, do you think traditional smartphones will be obsolete in the next 10 years? Let's discuss.",technology,42,18,0.75,ai_researcher,https://www.reddit.com/r/technology/comments/mock_post_id,/r/technology/comments/mock_post_id
2026-06-15 09:48:48.661840,The rise of decentralized social media platforms (Discussing in technology),"I've been playing around with Mastodon, Bluesky, and Farcaster. They feel very different from Twitter. Will decentralization become mainstream?",technology,162,27,0.96,science_guy,https://www.reddit.com/r/technology/comments/mock_post_id,/r/technology/comments/mock_post_id
2026-06-15 09:50:09.484242,PyTorch 2.0 compile feature - hands on experiences? (Discussing in MachineLearning),Has anyone successfully deployed models compiled with PyTorch 2.0 in production? Did you see the promised 1.5x-2x speedups?,MachineLearning,31,13,0.99,coding_geek,https://www.reddit.com/r/MachineLearning/comments/mock_post_id,/r/MachineLearning/comments/mock_post_id
2026-06-15 10:16:44.058933,Reinforcement Learning from Human Feedback (RLHF) vs DPO (Discussing in MachineLearning),Direct Preference Optimization seems much simpler to train than RLHF. Is there any reason to still use PPO for LLM alignment?,MachineLearning,24,3,0.83,py_dev,https://www.reddit.com/r/MachineLearning/comments/mock_post_id,/r/MachineLearning/comments/mock_post_id
2026-06-15 10:51:56.449326,Quantum computing startup claims major breakthrough in error correction (Discussing in technology),"They announced they reached a stable logical qubit. If true, this could accelerate commercial quantum systems by five years. What do you think?",technology,14,3,0.8,byte_me,https://www.reddit.com/r/technology/comments/mock_post_id,/r/technology/comments/mock_post_id
2026-06-15 11:02:48.130210,PyTorch 2.0 compile feature - hands on experiences? (Discussing in MachineLearning),Has anyone successfully deployed models compiled with PyTorch 2.0 in production? Did you see the promised 1.5x-2x speedups?,MachineLearning,41,9,0.87,ai_researcher,https://www.reddit.com/r/MachineLearning/comments/mock_post_id,/r/MachineLearning/comments/mock_post_id
2026-06-15 13:10:34.547130,PyTorch 2.0 compile feature - hands on experiences? (Discussing in MachineLearning),Has anyone successfully deployed models compiled with PyTorch 2.0 in production? Did you see the promised 1.5x-2x speedups?,MachineLearning,33,15,0.93,tech_enthusiast,https://www.reddit.com/r/MachineLearning/comments/mock_post_id,/r/MachineLearning/comments/mock_post_id
2026-06-15 14:21:46.519698,The rise of decentralized social media platforms,"I've been playing around with Mastodon, Bluesky, and Farcaster. They feel very different from Twitter. Will decentralization become mainstream?",technology,61,7,0.81,tech_enthusiast,https://www.reddit.com/r/technology/comments/mock_post_id,/r/technology/comments/mock_post_id
2026-06-15 15:14:33.687475,Why deep learning models generalize so well despite overparameterization,A discussion on the double descent phenomenon and the implicit regularization of SGD in high dimensions.,MachineLearning,245,92,0.8,matrix_neo,https://www.reddit.com/r/MachineLearning/comments/mock_post_id,/r/MachineLearning/comments/mock_post_id
2026-06-15 15:33:21.324113,EU passes comprehensive regulations on smart devices privacy,New laws require all smart home devices to keep user data locally by default unless explicit permission is given. Huge win for consumers.,technology,34,13,0.87,data_junkie,https://www.reddit.com/r/technology/comments/mock_post_id,/r/technology/comments/mock_post_id
2026-06-15 15:58:27.558822,Reinforcement Learning from Human Feedback (RLHF) vs DPO (Discussing in MachineLearning),Direct Preference Optimization seems much simpler to train than RLHF. Is there any reason to still use PPO for LLM alignment?,MachineLearning,82,23,0.83,byte_me,https://www.reddit.com/r/MachineLearning/comments/mock_post_id,/r/MachineLearning/comments/mock_post_id
2026-06-15 16:58:00.709708,Is this the end of traditional smartphones? (Discussing in technology),"With VR, AR, and neural interfaces advancing so quickly, do you think traditional smartphones will be obsolete in the next 10 years? Let's discuss.",technology,62,19,0.89,tech_enthusiast,https://www.reddit.com/r/technology/comments/mock_post_id,/r/technology/comments/mock_post_id
2026-06-15 18:26:06.492438,The rise of decentralized social media platforms (Discussing in technology),"I've been playing around with Mastodon, Bluesky, and Farcaster. They feel very different from Twitter. Will decentralization become mainstream?",technology,179,51,0.92,matrix_neo,https://www.reddit.com/r/technology/comments/mock_post_id,/r/technology/comments/mock_post_id
2026-06-15 19:52:30.888635,Quantum computing startup claims major breakthrough in error correction,"They announced they reached a stable logical qubit. If true, this could accelerate commercial quantum systems by five years. What do you think?",technology,9,3,0.96,reddit_user_1,https://www.reddit.com/r/technology/comments/mock_post_id,/r/technology/comments/mock_post_id
2026-06-15 20:58:52.821885,Reinforcement Learning from Human Feedback (RLHF) vs DPO,Direct Preference Optimization seems much simpler to train than RLHF. Is there any reason to still use PPO for LLM alignment?,MachineLearning,109,42,0.83,science_guy,https://www.reddit.com/r/MachineLearning/comments/mock_post_id,/r/MachineLearning/comments/mock_post_id
2026-06-16 01:08:18.607256,PyTorch 2.0 compile feature - hands on experiences? (Discussing in MachineLearning),Has anyone successfully deployed models compiled with PyTorch 2.0 in production? Did you see the promised 1.5x-2x speedups?,MachineLearning,28,13,0.87,py_dev,https://www.reddit.com/r/MachineLearning/comments/mock_post_id,/r/MachineLearning/comments/mock_post_id
2026-06-16 01:20:26.504994,The rise of decentralized social media platforms (Discussing in technology),"I've been playing around with Mastodon, Bluesky, and Farcaster. They feel very different from Twitter. Will decentralization become mainstream?",technology,88,39,0.89,coding_geek,https://www.reddit.com/r/technology/comments/mock_post_id,/r/technology/comments/mock_post_id
2026-06-16 03:29:09.622732,Why deep learning models generalize so well despite overparameterization,A discussion on the double descent phenomenon and the implicit regularization of SGD in high dimensions.,MachineLearning,11,4,0.77,stat_pro,https://www.reddit.com/r/MachineLearning/comments/mock_post_id,/r/MachineLearning/comments/mock_post_id
2026-06-16 03:34:40.584277,Is this the end of traditional smartphones?,"With VR, AR, and neural interfaces advancing so quickly, do you think traditional smartphones will be obsolete in the next 10 years? Let's discuss.",technology,23,3,0.97,science_guy,https://www.reddit.com/r/technology/comments/mock_post_id,/r/technology/comments/mock_post_id
2026-06-16 04:30:12.117115,Quantum computing startup claims major breakthrough in error correction,"They announced they reached a stable logical qubit. If true, this could accelerate commercial quantum systems by five years. What do you think?",technology,29,8,0.95,matrix_neo,https://www.reddit.com/r/technology/comments/mock_post_id,/r/technology/comments/mock_post_id
2026-06-16 05:22:01.745772,EU passes comprehensive regulations on smart devices privacy,New laws require all smart home devices to keep user data locally by default unless explicit permission is given. Huge win for consumers.,technology,270,61,0.83,reddit_user_1,https://www.reddit.com/r/technology/comments/mock_post_id,/r/technology/comments/mock_post_id
2026-06-16 06:17:16.482685,PyTorch 2.0 compile feature - hands on experiences?,Has anyone successfully deployed models compiled with PyTorch 2.0 in production? Did you see the promised 1.5x-2x speedups?,MachineLearning,175,20,0.98,coding_geek,https://www.reddit.com/r/MachineLearning/comments/mock_post_id,/r/MachineLearning/comments/mock_post_id
2026-06-16 07:07:54.238191,Quantum computing startup claims major breakthrough in error correction,"They announced they reached a stable logical qubit. If true, this could accelerate commercial quantum systems by five years. What do you think?",technology,3,0,0.9,reddit_user_1,https://www.reddit.com/r/technology/comments/mock_post_id,/r/technology/comments/mock_post_id
2026-06-16 07:58:24.616755,Is this the end of traditional smartphones?,"With VR, AR, and neural interfaces advancing so quickly, do you think traditional smartphones will be obsolete in the next 10 years? Let's discuss.",technology,47,9,0.98,science_guy,https://www.reddit.com/r/technology/comments/mock_post_id,/r/technology/comments/mock_post_id
2026-06-16 09:36:48.143778,Why deep learning models generalize so well despite overparameterization (Discussing in MachineLearning),A discussion on the double descent phenomenon and the implicit regularization of SGD in high dimensions.,MachineLearning,17,2,0.76,coding_geek,https://www.reddit.com/r/MachineLearning/comments/mock_post_id,/r/MachineLearning/comments/mock_post_id
2026-06-16 10:19:57.116804,Why deep learning models generalize so well despite overparameterization (Discussing in MachineLearning),A discussion on the double descent phenomenon and the implicit regularization of SGD in high dimensions.,MachineLearning,411,98,0.75,byte_me,https://www.reddit.com/r/MachineLearning/comments/mock_post_id,/r/MachineLearning/comments/mock_post_id
2026-06-16 11:49:14.670127,Reinforcement Learning from Human Feedback (RLHF) vs DPO (Discussing in MachineLearning),Direct Preference Optimization seems much simpler to train than RLHF. Is there any reason to still use PPO for LLM alignment?,MachineLearning,61,12,0.78,data_junkie,https://www.reddit.com/r/MachineLearning/comments/mock_post_id,/r/MachineLearning/comments/mock_post_id
2026-06-16 14:14:38.181873,EU passes comprehensive regulations on smart devices privacy (Discussing in technology),New laws require all smart home devices to keep user data locally by default unless explicit permission is given. Huge win for consumers.,technology,248,112,0.96,matrix_neo,https://www.reddit.com/r/technology/comments/mock_post_id,/r/technology/comments/mock_post_id
2026-06-16 15:53:24.457780,Reinforcement Learning from Human Feedback (RLHF) vs DPO,Direct Preference Optimization seems much simpler to train than RLHF. Is there any reason to still use PPO for LLM alignment?,MachineLearning,10,1,0.93,science_guy,https://www.reddit.com/r/MachineLearning/comments/mock_post_id,/r/MachineLearning/comments/mock_post_id
2026-06-16 17:09:34.842616,Tips for training models with limited data? (Discussing in MachineLearning),I only have about 500 labeled images for a specific classification task. What augmentation techniques and pre-trained models work best?,MachineLearning,124,59,0.86,data_junkie,https://www.reddit.com/r/MachineLearning/comments/mock_post_id,/r/MachineLearning/comments/mock_post_id
2026-06-16 18:26:31.093636,Reinforcement Learning from Human Feedback (RLHF) vs DPO,Direct Preference Optimization seems much simpler to train than RLHF. Is there any reason to still use PPO for LLM alignment?,MachineLearning,31,7,0.87,stat_pro,https://www.reddit.com/r/MachineLearning/comments/mock_post_id,/r/MachineLearning/comments/mock_post_id
2026-06-16 18:50:43.756532,PyTorch 2.0 compile feature - hands on experiences?,Has anyone successfully deployed models compiled with PyTorch 2.0 in production? Did you see the promised 1.5x-2x speedups?,MachineLearning,10,3,0.97,data_junkie,https://www.reddit.com/r/MachineLearning/comments/mock_post_id,/r/MachineLearning/comments/mock_post_id
2026-06-16 19:27:50.069956,Quantum computing startup claims major breakthrough in error correction,"They announced they reached a stable logical qubit. If true, this could accelerate commercial quantum systems by five years. What do you think?",technology,52,23,0.83,byte_me,https://www.reddit.com/r/technology/comments/mock_post_id,/r/technology/comments/mock_post_id
2026-06-16 20:04:41.171058,PyTorch 2.0 compile feature - hands on experiences?,Has anyone successfully deployed models compiled with PyTorch 2.0 in production? Did you see the promised 1.5x-2x speedups?,MachineLearning,331,111,0.78,byte_me,https://www.reddit.com/r/MachineLearning/comments/mock_post_id,/r/MachineLearning/comments/mock_post_id
2026-06-16 20:34:47.237850,Tips for training models with limited data? (Discussing in MachineLearning),I only have about 500 labeled images for a specific classification task. What augmentation techniques and pre-trained models work best?,MachineLearning,36,4,0.93,ai_researcher,https://www.reddit.com/r/MachineLearning/comments/mock_post_id,/r/MachineLearning/comments/mock_post_id
2026-06-16 22:50:26.917062,Reinforcement Learning from Human Feedback (RLHF) vs DPO,Direct Preference Optimization seems much simpler to train than RLHF. Is there any reason to still use PPO for LLM alignment?,MachineLearning,52,21,0.93,stat_pro,https://www.reddit.com/r/MachineLearning/comments/mock_post_id,/r/MachineLearning/comments/mock_post_id
2026-06-16 23:00:08.374858,EU passes comprehensive regulations on smart devices privacy (Discussing in technology),New laws require all smart home devices to keep user data locally by default unless explicit permission is given. Huge win for consumers.,technology,2,0,0.81,stat_pro,https://www.reddit.com/r/technology/comments/mock_post_id,/r/technology/comments/mock_post_id
2026-06-16 23:17:36.036577,Tips for training models with limited data?,I only have about 500 labeled images for a specific classification task. What augmentation techniques and pre-trained models work best?,MachineLearning,10,1,0.87,ai_researcher,https://www.reddit.com/r/MachineLearning/comments/mock_post_id,/r/MachineLearning/comments/mock_post_id
2026-06-17 02:12:22.598962,Is this the end of traditional smartphones?,"With VR, AR, and neural interfaces advancing so quickly, do you think traditional smartphones will be obsolete in the next 10 years? Let's discuss.",technology,80,28,0.98,byte_me,https://www.reddit.com/r/technology/comments/mock_post_id,/r/technology/comments/mock_post_id
2026-06-17 03:13:11.030954,Why deep learning models generalize so well despite overparameterization (Discussing in MachineLearning),A discussion on the double descent phenomenon and the implicit regularization of SGD in high dimensions.,MachineLearning,22,10,0.79,science_guy,https://www.reddit.com/r/MachineLearning/comments/mock_post_id,/r/MachineLearning/comments/mock_post_id
2026-06-17 07:37:10.063533,Why deep learning models generalize so well despite overparameterization (Discussing in MachineLearning),A discussion on the double descent phenomenon and the implicit regularization of SGD in high dimensions.,MachineLearning,690,305,0.92,matrix_neo,https://www.reddit.com/r/MachineLearning/comments/mock_post_id,/r/MachineLearning/comments/mock_post_id
2026-06-17 07:55:46.474714,Quantum computing startup claims major breakthrough in error correction,"They announced they reached a stable logical qubit. If true, this could accelerate commercial quantum systems by five years. What do you think?",technology,138,44,0.84,data_junkie,https://www.reddit.com/r/technology/comments/mock_post_id,/r/technology/comments/mock_post_id
2026-06-17 09:07:02.082311,Reinforcement Learning from Human Feedback (RLHF) vs DPO,Direct Preference Optimization seems much simpler to train than RLHF. Is there any reason to still use PPO for LLM alignment?,MachineLearning,119,21,0.94,data_junkie,https://www.reddit.com/r/MachineLearning/comments/mock_post_id,/r/MachineLearning/comments/mock_post_id
2026-06-17 09:11:00.761659,Is this the end of traditional smartphones?,"With VR, AR, and neural interfaces advancing so quickly, do you think traditional smartphones will be obsolete in the next 10 years? Let's discuss.",technology,167,18,0.78,matrix_neo,https://www.reddit.com/r/technology/comments/mock_post_id,/r/technology/comments/mock_post_id
2026-06-17 09:40:48.124347,EU passes comprehensive regulations on smart devices privacy,New laws require all smart home devices to keep user data locally by default unless explicit permission is given. Huge win for consumers.,technology,164,60,0.81,ai_researcher,https://www.reddit.com/r/technology/comments/mock_post_id,/r/technology/comments/mock_post_id
2026-06-17 10:36:27.022740,The rise of decentralized social media platforms (Discussing in technology),"I've been playing around with Mastodon, Bluesky, and Farcaster. They feel very different from Twitter. Will decentralization become mainstream?",technology,13,4,0.94,tech_enthusiast,https://www.reddit.com/r/technology/comments/mock_post_id,/r/technology/comments/mock_post_id
2026-06-17 10:44:20.253679,Why deep learning models generalize so well despite overparameterization (Discussing in MachineLearning),A discussion on the double descent phenomenon and the implicit regularization of SGD in high dimensions.,MachineLearning,194,37,0.86,reddit_user_1,https://www.reddit.com/r/MachineLearning/comments/mock_post_id,/r/MachineLearning/comments/mock_post_id
